input_text,target_text
"Goal: NLP Engineer. Current Skills: Statistics, NLP, Data Manipulation, Machine Learning. Missing Skills: Python, SQL, Deep Learning. Generate Roadmap:",Stage 1: Python -> Stage 2: SQL -> Stage 3: Deep Learning -> Stage 4: Projects & Deployment
"Goal: Machine Learning Engineer. Current Skills: Statistics, Python, NLP, Machine Learning. Missing Skills: SQL, Data Manipulation, Deep Learning. Generate Roadmap:",Stage 1: SQL -> Stage 2: Data Manipulation -> Stage 3: Deep Learning -> Stage 4: Projects & Deployment
"Goal: Data Scientist. Current Skills: Deep Learning. Missing Skills: Python, SQL, Statistics, Data Manipulation, Machine Learning, NLP. Generate Roadmap:",Stage 1: Python -> Stage 2: SQL -> Stage 3: Statistics -> Stage 4: Data Manipulation -> Stage 5: Machine Learning -> Stage 6: NLP -> Stage 7: Projects & Deployment
"Goal: NLP Engineer. Current Skills: Statistics, Data Manipulation. Missing Skills: Python, SQL, Machine Learning, Deep Learning, NLP. Generate Roadmap:",Stage 1: Python -> Stage 2: SQL -> Stage 3: Machine Learning -> Stage 4: Deep Learning -> Stage 5: NLP -> Stage 6: Projects & Deployment
"Goal: NLP Engineer. Current Skills: Deep Learning, Python, Statistics. Missing Skills: SQL, Data Manipulation, Machine Learning, NLP. Generate Roadmap:",Stage 1: SQL -> Stage 2: Data Manipulation -> Stage 3: Machine Learning -> Stage 4: NLP -> Stage 5: Projects & Deployment
"Goal: NLP Engineer. Current Skills: Machine Learning, NLP, Deep Learning, Data Manipulation. Missing Skills: Python, SQL, Statistics. Generate Roadmap:",Stage 1: Python -> Stage 2: SQL -> Stage 3: Statistics -> Stage 4: Projects & Deployment
"Goal: Machine Learning Engineer. Current Skills: NLP. Missing Skills: Python, SQL, Statistics, Data Manipulation, Machine Learning, Deep Learning. Generate Roadmap:",Stage 1: Python -> Stage 2: SQL -> Stage 3: Statistics -> Stage 4: Data Manipulation -> Stage 5: Machine Learning -> Stage 6: Deep Learning -> Stage 7: Projects & Deployment
"Goal: Deep Learning Researcher. Current Skills: SQL. Missing Skills: Python, Statistics, Data Manipulation, Machine Learning, Deep Learning, NLP. Generate Roadmap:",Stage 1: Python -> Stage 2: Statistics -> Stage 3: Data Manipulation -> Stage 4: Machine Learning -> Stage 5: Deep Learning -> Stage 6: NLP -> Stage 7: Projects & Deployment
"Goal: Data Scientist. Current Skills: NLP, Deep Learning. Missing Skills: Python, SQL, Statistics, Data Manipulation, Machine Learning. Generate Roadmap:",Stage 1: Python -> Stage 2: SQL -> Stage 3: Statistics -> Stage 4: Data Manipulation -> Stage 5: Machine Learning -> Stage 6: Projects & Deployment
"Goal: Machine Learning Engineer. Current Skills: SQL, NLP, Statistics. Missing Skills: Python, Data Manipulation, Machine Learning, Deep Learning. Generate Roadmap:",Stage 1: Python -> Stage 2: Data Manipulation -> Stage 3: Machine Learning -> Stage 4: Deep Learning -> Stage 5: Projects & Deployment
"Goal: Machine Learning Engineer. Current Skills: Python. Missing Skills: SQL, Statistics, Data Manipulation, Machine Learning, Deep Learning, NLP. Generate Roadmap:",Stage 1: SQL -> Stage 2: Statistics -> Stage 3: Data Manipulation -> Stage 4: Machine Learning -> Stage 5: Deep Learning -> Stage 6: NLP -> Stage 7: Projects & Deployment
"Goal: Machine Learning Engineer. Current Skills: Machine Learning, Deep Learning, NLP. Missing Skills: Python, SQL, Statistics, Data Manipulation. Generate Roadmap:",Stage 1: Python -> Stage 2: SQL -> Stage 3: Statistics -> Stage 4: Data Manipulation -> Stage 5: Projects & Deployment
"Goal: NLP Engineer. Current Skills: Data Manipulation. Missing Skills: Python, SQL, Statistics, Machine Learning, Deep Learning, NLP. Generate Roadmap:",Stage 1: Python -> Stage 2: SQL -> Stage 3: Statistics -> Stage 4: Machine Learning -> Stage 5: Deep Learning -> Stage 6: NLP -> Stage 7: Projects & Deployment
"Goal: Machine Learning Engineer. Current Skills: Machine Learning, Deep Learning, SQL, NLP. Missing Skills: Python, Statistics, Data Manipulation. Generate Roadmap:",Stage 1: Python -> Stage 2: Statistics -> Stage 3: Data Manipulation -> Stage 4: Projects & Deployment
"Goal: NLP Engineer. Current Skills: SQL. Missing Skills: Python, Statistics, Data Manipulation, Machine Learning, Deep Learning, NLP. Generate Roadmap:",Stage 1: Python -> Stage 2: Statistics -> Stage 3: Data Manipulation -> Stage 4: Machine Learning -> Stage 5: Deep Learning -> Stage 6: NLP -> Stage 7: Projects & Deployment
"Goal: Deep Learning Researcher. Current Skills: SQL, NLP. Missing Skills: Python, Statistics, Data Manipulation, Machine Learning, Deep Learning. Generate Roadmap:",Stage 1: Python -> Stage 2: Statistics -> Stage 3: Data Manipulation -> Stage 4: Machine Learning -> Stage 5: Deep Learning -> Stage 6: Projects & Deployment
"Goal: Deep Learning Researcher. Current Skills: Machine Learning, Python, SQL. Missing Skills: Statistics, Data Manipulation, Deep Learning, NLP. Generate Roadmap:",Stage 1: Statistics -> Stage 2: Data Manipulation -> Stage 3: Deep Learning -> Stage 4: NLP -> Stage 5: Projects & Deployment
"Goal: Deep Learning Researcher. Current Skills: Machine Learning, Deep Learning, Python, SQL. Missing Skills: Statistics, Data Manipulation, NLP. Generate Roadmap:",Stage 1: Statistics -> Stage 2: Data Manipulation -> Stage 3: NLP -> Stage 4: Projects & Deployment
"Goal: Data Scientist. Current Skills: Data Manipulation, Python, Deep Learning, Statistics. Missing Skills: SQL, Machine Learning, NLP. Generate Roadmap:",Stage 1: SQL -> Stage 2: Machine Learning -> Stage 3: NLP -> Stage 4: Projects & Deployment
"Goal: Deep Learning Researcher. Current Skills: SQL, Statistics. Missing Skills: Python, Data Manipulation, Machine Learning, Deep Learning, NLP. Generate Roadmap:",Stage 1: Python -> Stage 2: Data Manipulation -> Stage 3: Machine Learning -> Stage 4: Deep Learning -> Stage 5: NLP -> Stage 6: Projects & Deployment
"Goal: Deep Learning Researcher. Current Skills: NLP, Machine Learning, Statistics, Python. Missing Skills: SQL, Data Manipulation, Deep Learning. Generate Roadmap:",Stage 1: SQL -> Stage 2: Data Manipulation -> Stage 3: Deep Learning -> Stage 4: Projects & Deployment
"Goal: Data Scientist. Current Skills: SQL. Missing Skills: Python, Statistics, Data Manipulation, Machine Learning, Deep Learning, NLP. Generate Roadmap:",Stage 1: Python -> Stage 2: Statistics -> Stage 3: Data Manipulation -> Stage 4: Machine Learning -> Stage 5: Deep Learning -> Stage 6: NLP -> Stage 7: Projects & Deployment
"Goal: Deep Learning Researcher. Current Skills: Deep Learning. Missing Skills: Python, SQL, Statistics, Data Manipulation, Machine Learning, NLP. Generate Roadmap:",Stage 1: Python -> Stage 2: SQL -> Stage 3: Statistics -> Stage 4: Data Manipulation -> Stage 5: Machine Learning -> Stage 6: NLP -> Stage 7: Projects & Deployment
"Goal: Deep Learning Researcher. Current Skills: Data Manipulation, Deep Learning. Missing Skills: Python, SQL, Statistics, Machine Learning, NLP. Generate Roadmap:",Stage 1: Python -> Stage 2: SQL -> Stage 3: Statistics -> Stage 4: Machine Learning -> Stage 5: NLP -> Stage 6: Projects & Deployment
"Goal: Machine Learning Engineer. Current Skills: Python. Missing Skills: SQL, Statistics, Data Manipulation, Machine Learning, Deep Learning, NLP. Generate Roadmap:",Stage 1: SQL -> Stage 2: Statistics -> Stage 3: Data Manipulation -> Stage 4: Machine Learning -> Stage 5: Deep Learning -> Stage 6: NLP -> Stage 7: Projects & Deployment
"Goal: Machine Learning Engineer. Current Skills: Python, Statistics. Missing Skills: SQL, Data Manipulation, Machine Learning, Deep Learning, NLP. Generate Roadmap:",Stage 1: SQL -> Stage 2: Data Manipulation -> Stage 3: Machine Learning -> Stage 4: Deep Learning -> Stage 5: NLP -> Stage 6: Projects & Deployment
"Goal: Machine Learning Engineer. Current Skills: Deep Learning, Data Manipulation, SQL. Missing Skills: Python, Statistics, Machine Learning, NLP. Generate Roadmap:",Stage 1: Python -> Stage 2: Statistics -> Stage 3: Machine Learning -> Stage 4: NLP -> Stage 5: Projects & Deployment
"Goal: Deep Learning Researcher. Current Skills: Data Manipulation, Statistics, Machine Learning. Missing Skills: Python, SQL, Deep Learning, NLP. Generate Roadmap:",Stage 1: Python -> Stage 2: SQL -> Stage 3: Deep Learning -> Stage 4: NLP -> Stage 5: Projects & Deployment
"Goal: NLP Engineer. Current Skills: NLP. Missing Skills: Python, SQL, Statistics, Data Manipulation, Machine Learning, Deep Learning. Generate Roadmap:",Stage 1: Python -> Stage 2: SQL -> Stage 3: Statistics -> Stage 4: Data Manipulation -> Stage 5: Machine Learning -> Stage 6: Deep Learning -> Stage 7: Projects & Deployment
"Goal: Machine Learning Engineer. Current Skills: Deep Learning. Missing Skills: Python, SQL, Statistics, Data Manipulation, Machine Learning, NLP. Generate Roadmap:",Stage 1: Python -> Stage 2: SQL -> Stage 3: Statistics -> Stage 4: Data Manipulation -> Stage 5: Machine Learning -> Stage 6: NLP -> Stage 7: Projects & Deployment
"Goal: Deep Learning Researcher. Current Skills: Statistics. Missing Skills: Python, SQL, Data Manipulation, Machine Learning, Deep Learning, NLP. Generate Roadmap:",Stage 1: Python -> Stage 2: SQL -> Stage 3: Data Manipulation -> Stage 4: Machine Learning -> Stage 5: Deep Learning -> Stage 6: NLP -> Stage 7: Projects & Deployment
"Goal: NLP Engineer. Current Skills: Deep Learning, Data Manipulation, Statistics, SQL. Missing Skills: Python, Machine Learning, NLP. Generate Roadmap:",Stage 1: Python -> Stage 2: Machine Learning -> Stage 3: NLP -> Stage 4: Projects & Deployment
"Goal: Data Scientist. Current Skills: NLP, Data Manipulation, Python. Missing Skills: SQL, Statistics, Machine Learning, Deep Learning. Generate Roadmap:",Stage 1: SQL -> Stage 2: Statistics -> Stage 3: Machine Learning -> Stage 4: Deep Learning -> Stage 5: Projects & Deployment
"Goal: Data Scientist. Current Skills: Data Manipulation, Deep Learning, Statistics, SQL. Missing Skills: Python, Machine Learning, NLP. Generate Roadmap:",Stage 1: Python -> Stage 2: Machine Learning -> Stage 3: NLP -> Stage 4: Projects & Deployment
"Goal: Deep Learning Researcher. Current Skills: Statistics, SQL, Deep Learning, Python. Missing Skills: Data Manipulation, Machine Learning, NLP. Generate Roadmap:",Stage 1: Data Manipulation -> Stage 2: Machine Learning -> Stage 3: NLP -> Stage 4: Projects & Deployment
"Goal: NLP Engineer. Current Skills: Deep Learning, Data Manipulation. Missing Skills: Python, SQL, Statistics, Machine Learning, NLP. Generate Roadmap:",Stage 1: Python -> Stage 2: SQL -> Stage 3: Statistics -> Stage 4: Machine Learning -> Stage 5: NLP -> Stage 6: Projects & Deployment
"Goal: NLP Engineer. Current Skills: Data Manipulation. Missing Skills: Python, SQL, Statistics, Machine Learning, Deep Learning, NLP. Generate Roadmap:",Stage 1: Python -> Stage 2: SQL -> Stage 3: Statistics -> Stage 4: Machine Learning -> Stage 5: Deep Learning -> Stage 6: NLP -> Stage 7: Projects & Deployment
"Goal: Data Scientist. Current Skills: SQL, NLP, Deep Learning. Missing Skills: Python, Statistics, Data Manipulation, Machine Learning. Generate Roadmap:",Stage 1: Python -> Stage 2: Statistics -> Stage 3: Data Manipulation -> Stage 4: Machine Learning -> Stage 5: Projects & Deployment
"Goal: Data Scientist. Current Skills: NLP. Missing Skills: Python, SQL, Statistics, Data Manipulation, Machine Learning, Deep Learning. Generate Roadmap:",Stage 1: Python -> Stage 2: SQL -> Stage 3: Statistics -> Stage 4: Data Manipulation -> Stage 5: Machine Learning -> Stage 6: Deep Learning -> Stage 7: Projects & Deployment
"Goal: NLP Engineer. Current Skills: Data Manipulation, Machine Learning, Statistics. Missing Skills: Python, SQL, Deep Learning, NLP. Generate Roadmap:",Stage 1: Python -> Stage 2: SQL -> Stage 3: Deep Learning -> Stage 4: NLP -> Stage 5: Projects & Deployment
"Goal: Machine Learning Engineer. Current Skills: NLP, Statistics. Missing Skills: Python, SQL, Data Manipulation, Machine Learning, Deep Learning. Generate Roadmap:",Stage 1: Python -> Stage 2: SQL -> Stage 3: Data Manipulation -> Stage 4: Machine Learning -> Stage 5: Deep Learning -> Stage 6: Projects & Deployment
"Goal: Machine Learning Engineer. Current Skills: NLP. Missing Skills: Python, SQL, Statistics, Data Manipulation, Machine Learning, Deep Learning. Generate Roadmap:",Stage 1: Python -> Stage 2: SQL -> Stage 3: Statistics -> Stage 4: Data Manipulation -> Stage 5: Machine Learning -> Stage 6: Deep Learning -> Stage 7: Projects & Deployment
"Goal: Data Scientist. Current Skills: Statistics. Missing Skills: Python, SQL, Data Manipulation, Machine Learning, Deep Learning, NLP. Generate Roadmap:",Stage 1: Python -> Stage 2: SQL -> Stage 3: Data Manipulation -> Stage 4: Machine Learning -> Stage 5: Deep Learning -> Stage 6: NLP -> Stage 7: Projects & Deployment
"Goal: NLP Engineer. Current Skills: Python, NLP, Deep Learning. Missing Skills: SQL, Statistics, Data Manipulation, Machine Learning. Generate Roadmap:",Stage 1: SQL -> Stage 2: Statistics -> Stage 3: Data Manipulation -> Stage 4: Machine Learning -> Stage 5: Projects & Deployment
"Goal: NLP Engineer. Current Skills: Machine Learning. Missing Skills: Python, SQL, Statistics, Data Manipulation, Deep Learning, NLP. Generate Roadmap:",Stage 1: Python -> Stage 2: SQL -> Stage 3: Statistics -> Stage 4: Data Manipulation -> Stage 5: Deep Learning -> Stage 6: NLP -> Stage 7: Projects & Deployment
"Goal: Data Scientist. Current Skills: Deep Learning, Statistics. Missing Skills: Python, SQL, Data Manipulation, Machine Learning, NLP. Generate Roadmap:",Stage 1: Python -> Stage 2: SQL -> Stage 3: Data Manipulation -> Stage 4: Machine Learning -> Stage 5: NLP -> Stage 6: Projects & Deployment
"Goal: NLP Engineer. Current Skills: SQL, Deep Learning, NLP. Missing Skills: Python, Statistics, Data Manipulation, Machine Learning. Generate Roadmap:",Stage 1: Python -> Stage 2: Statistics -> Stage 3: Data Manipulation -> Stage 4: Machine Learning -> Stage 5: Projects & Deployment
"Goal: Deep Learning Researcher. Current Skills: Statistics. Missing Skills: Python, SQL, Data Manipulation, Machine Learning, Deep Learning, NLP. Generate Roadmap:",Stage 1: Python -> Stage 2: SQL -> Stage 3: Data Manipulation -> Stage 4: Machine Learning -> Stage 5: Deep Learning -> Stage 6: NLP -> Stage 7: Projects & Deployment
"Goal: Machine Learning Engineer. Current Skills: Statistics, SQL. Missing Skills: Python, Data Manipulation, Machine Learning, Deep Learning, NLP. Generate Roadmap:",Stage 1: Python -> Stage 2: Data Manipulation -> Stage 3: Machine Learning -> Stage 4: Deep Learning -> Stage 5: NLP -> Stage 6: Projects & Deployment
"Goal: Deep Learning Researcher. Current Skills: Python. Missing Skills: SQL, Statistics, Data Manipulation, Machine Learning, Deep Learning, NLP. Generate Roadmap:",Stage 1: SQL -> Stage 2: Statistics -> Stage 3: Data Manipulation -> Stage 4: Machine Learning -> Stage 5: Deep Learning -> Stage 6: NLP -> Stage 7: Projects & Deployment
"Goal: Machine Learning Engineer. Current Skills: Machine Learning. Missing Skills: Python, SQL, Statistics, Data Manipulation, Deep Learning, NLP. Generate Roadmap:",Stage 1: Python -> Stage 2: SQL -> Stage 3: Statistics -> Stage 4: Data Manipulation -> Stage 5: Deep Learning -> Stage 6: NLP -> Stage 7: Projects & Deployment
"Goal: NLP Engineer. Current Skills: NLP, Machine Learning. Missing Skills: Python, SQL, Statistics, Data Manipulation, Deep Learning. Generate Roadmap:",Stage 1: Python -> Stage 2: SQL -> Stage 3: Statistics -> Stage 4: Data Manipulation -> Stage 5: Deep Learning -> Stage 6: Projects & Deployment
"Goal: Machine Learning Engineer. Current Skills: Statistics, Deep Learning. Missing Skills: Python, SQL, Data Manipulation, Machine Learning, NLP. Generate Roadmap:",Stage 1: Python -> Stage 2: SQL -> Stage 3: Data Manipulation -> Stage 4: Machine Learning -> Stage 5: NLP -> Stage 6: Projects & Deployment
"Goal: Deep Learning Researcher. Current Skills: Data Manipulation, Deep Learning, NLP. Missing Skills: Python, SQL, Statistics, Machine Learning. Generate Roadmap:",Stage 1: Python -> Stage 2: SQL -> Stage 3: Statistics -> Stage 4: Machine Learning -> Stage 5: Projects & Deployment
"Goal: Machine Learning Engineer. Current Skills: Machine Learning, Data Manipulation. Missing Skills: Python, SQL, Statistics, Deep Learning, NLP. Generate Roadmap:",Stage 1: Python -> Stage 2: SQL -> Stage 3: Statistics -> Stage 4: Deep Learning -> Stage 5: NLP -> Stage 6: Projects & Deployment
"Goal: NLP Engineer. Current Skills: Machine Learning, Data Manipulation, Statistics, Python. Missing Skills: SQL, Deep Learning, NLP. Generate Roadmap:",Stage 1: SQL -> Stage 2: Deep Learning -> Stage 3: NLP -> Stage 4: Projects & Deployment
"Goal: Machine Learning Engineer. Current Skills: Deep Learning, Statistics, SQL, Machine Learning. Missing Skills: Python, Data Manipulation, NLP. Generate Roadmap:",Stage 1: Python -> Stage 2: Data Manipulation -> Stage 3: NLP -> Stage 4: Projects & Deployment
"Goal: NLP Engineer. Current Skills: Data Manipulation, Deep Learning, Python. Missing Skills: SQL, Statistics, Machine Learning, NLP. Generate Roadmap:",Stage 1: SQL -> Stage 2: Statistics -> Stage 3: Machine Learning -> Stage 4: NLP -> Stage 5: Projects & Deployment
"Goal: NLP Engineer. Current Skills: NLP, Machine Learning, Python, Data Manipulation. Missing Skills: SQL, Statistics, Deep Learning. Generate Roadmap:",Stage 1: SQL -> Stage 2: Statistics -> Stage 3: Deep Learning -> Stage 4: Projects & Deployment
"Goal: Deep Learning Researcher. Current Skills: Data Manipulation. Missing Skills: Python, SQL, Statistics, Machine Learning, Deep Learning, NLP. Generate Roadmap:",Stage 1: Python -> Stage 2: SQL -> Stage 3: Statistics -> Stage 4: Machine Learning -> Stage 5: Deep Learning -> Stage 6: NLP -> Stage 7: Projects & Deployment
"Goal: Deep Learning Researcher. Current Skills: NLP, Machine Learning, Python. Missing Skills: SQL, Statistics, Data Manipulation, Deep Learning. Generate Roadmap:",Stage 1: SQL -> Stage 2: Statistics -> Stage 3: Data Manipulation -> Stage 4: Deep Learning -> Stage 5: Projects & Deployment
"Goal: Deep Learning Researcher. Current Skills: Machine Learning, Statistics, NLP, Python. Missing Skills: SQL, Data Manipulation, Deep Learning. Generate Roadmap:",Stage 1: SQL -> Stage 2: Data Manipulation -> Stage 3: Deep Learning -> Stage 4: Projects & Deployment
"Goal: Machine Learning Engineer. Current Skills: NLP, SQL, Deep Learning. Missing Skills: Python, Statistics, Data Manipulation, Machine Learning. Generate Roadmap:",Stage 1: Python -> Stage 2: Statistics -> Stage 3: Data Manipulation -> Stage 4: Machine Learning -> Stage 5: Projects & Deployment
"Goal: NLP Engineer. Current Skills: Data Manipulation, NLP, Python, SQL. Missing Skills: Statistics, Machine Learning, Deep Learning. Generate Roadmap:",Stage 1: Statistics -> Stage 2: Machine Learning -> Stage 3: Deep Learning -> Stage 4: Projects & Deployment
"Goal: Deep Learning Researcher. Current Skills: Machine Learning, NLP, SQL. Missing Skills: Python, Statistics, Data Manipulation, Deep Learning. Generate Roadmap:",Stage 1: Python -> Stage 2: Statistics -> Stage 3: Data Manipulation -> Stage 4: Deep Learning -> Stage 5: Projects & Deployment
"Goal: NLP Engineer. Current Skills: Data Manipulation, Deep Learning, Statistics, Python. Missing Skills: SQL, Machine Learning, NLP. Generate Roadmap:",Stage 1: SQL -> Stage 2: Machine Learning -> Stage 3: NLP -> Stage 4: Projects & Deployment
"Goal: Machine Learning Engineer. Current Skills: Statistics, SQL. Missing Skills: Python, Data Manipulation, Machine Learning, Deep Learning, NLP. Generate Roadmap:",Stage 1: Python -> Stage 2: Data Manipulation -> Stage 3: Machine Learning -> Stage 4: Deep Learning -> Stage 5: NLP -> Stage 6: Projects & Deployment
"Goal: Deep Learning Researcher. Current Skills: NLP, SQL, Machine Learning, Statistics. Missing Skills: Python, Data Manipulation, Deep Learning. Generate Roadmap:",Stage 1: Python -> Stage 2: Data Manipulation -> Stage 3: Deep Learning -> Stage 4: Projects & Deployment
"Goal: Data Scientist. Current Skills: Python, Deep Learning. Missing Skills: SQL, Statistics, Data Manipulation, Machine Learning, NLP. Generate Roadmap:",Stage 1: SQL -> Stage 2: Statistics -> Stage 3: Data Manipulation -> Stage 4: Machine Learning -> Stage 5: NLP -> Stage 6: Projects & Deployment
"Goal: Data Scientist. Current Skills: Machine Learning. Missing Skills: Python, SQL, Statistics, Data Manipulation, Deep Learning, NLP. Generate Roadmap:",Stage 1: Python -> Stage 2: SQL -> Stage 3: Statistics -> Stage 4: Data Manipulation -> Stage 5: Deep Learning -> Stage 6: NLP -> Stage 7: Projects & Deployment
"Goal: Machine Learning Engineer. Current Skills: Statistics, Python. Missing Skills: SQL, Data Manipulation, Machine Learning, Deep Learning, NLP. Generate Roadmap:",Stage 1: SQL -> Stage 2: Data Manipulation -> Stage 3: Machine Learning -> Stage 4: Deep Learning -> Stage 5: NLP -> Stage 6: Projects & Deployment
"Goal: NLP Engineer. Current Skills: Machine Learning, Python. Missing Skills: SQL, Statistics, Data Manipulation, Deep Learning, NLP. Generate Roadmap:",Stage 1: SQL -> Stage 2: Statistics -> Stage 3: Data Manipulation -> Stage 4: Deep Learning -> Stage 5: NLP -> Stage 6: Projects & Deployment
"Goal: NLP Engineer. Current Skills: Machine Learning, Data Manipulation, Statistics, Deep Learning. Missing Skills: Python, SQL, NLP. Generate Roadmap:",Stage 1: Python -> Stage 2: SQL -> Stage 3: NLP -> Stage 4: Projects & Deployment
"Goal: NLP Engineer. Current Skills: Statistics, Data Manipulation. Missing Skills: Python, SQL, Machine Learning, Deep Learning, NLP. Generate Roadmap:",Stage 1: Python -> Stage 2: SQL -> Stage 3: Machine Learning -> Stage 4: Deep Learning -> Stage 5: NLP -> Stage 6: Projects & Deployment
"Goal: Data Scientist. Current Skills: Machine Learning, Python, Deep Learning. Missing Skills: SQL, Statistics, Data Manipulation, NLP. Generate Roadmap:",Stage 1: SQL -> Stage 2: Statistics -> Stage 3: Data Manipulation -> Stage 4: NLP -> Stage 5: Projects & Deployment
"Goal: Data Scientist. Current Skills: Statistics, Deep Learning, Machine Learning, SQL. Missing Skills: Python, Data Manipulation, NLP. Generate Roadmap:",Stage 1: Python -> Stage 2: Data Manipulation -> Stage 3: NLP -> Stage 4: Projects & Deployment
"Goal: Data Scientist. Current Skills: Data Manipulation, Deep Learning. Missing Skills: Python, SQL, Statistics, Machine Learning, NLP. Generate Roadmap:",Stage 1: Python -> Stage 2: SQL -> Stage 3: Statistics -> Stage 4: Machine Learning -> Stage 5: NLP -> Stage 6: Projects & Deployment
"Goal: Data Scientist. Current Skills: Data Manipulation, NLP, SQL, Machine Learning. Missing Skills: Python, Statistics, Deep Learning. Generate Roadmap:",Stage 1: Python -> Stage 2: Statistics -> Stage 3: Deep Learning -> Stage 4: Projects & Deployment
"Goal: Machine Learning Engineer. Current Skills: Deep Learning. Missing Skills: Python, SQL, Statistics, Data Manipulation, Machine Learning, NLP. Generate Roadmap:",Stage 1: Python -> Stage 2: SQL -> Stage 3: Statistics -> Stage 4: Data Manipulation -> Stage 5: Machine Learning -> Stage 6: NLP -> Stage 7: Projects & Deployment
"Goal: Machine Learning Engineer. Current Skills: NLP, Statistics, Data Manipulation, Python. Missing Skills: SQL, Machine Learning, Deep Learning. Generate Roadmap:",Stage 1: SQL -> Stage 2: Machine Learning -> Stage 3: Deep Learning -> Stage 4: Projects & Deployment
"Goal: Deep Learning Researcher. Current Skills: Statistics, Data Manipulation, NLP. Missing Skills: Python, SQL, Machine Learning, Deep Learning. Generate Roadmap:",Stage 1: Python -> Stage 2: SQL -> Stage 3: Machine Learning -> Stage 4: Deep Learning -> Stage 5: Projects & Deployment
"Goal: NLP Engineer. Current Skills: Machine Learning, SQL, Python, NLP. Missing Skills: Statistics, Data Manipulation, Deep Learning. Generate Roadmap:",Stage 1: Statistics -> Stage 2: Data Manipulation -> Stage 3: Deep Learning -> Stage 4: Projects & Deployment
"Goal: Data Scientist. Current Skills: Data Manipulation, Python, Statistics, SQL. Missing Skills: Machine Learning, Deep Learning, NLP. Generate Roadmap:",Stage 1: Machine Learning -> Stage 2: Deep Learning -> Stage 3: NLP -> Stage 4: Projects & Deployment
"Goal: Machine Learning Engineer. Current Skills: Deep Learning. Missing Skills: Python, SQL, Statistics, Data Manipulation, Machine Learning, NLP. Generate Roadmap:",Stage 1: Python -> Stage 2: SQL -> Stage 3: Statistics -> Stage 4: Data Manipulation -> Stage 5: Machine Learning -> Stage 6: NLP -> Stage 7: Projects & Deployment
"Goal: Data Scientist. Current Skills: NLP, Python, Machine Learning, Deep Learning. Missing Skills: SQL, Statistics, Data Manipulation. Generate Roadmap:",Stage 1: SQL -> Stage 2: Statistics -> Stage 3: Data Manipulation -> Stage 4: Projects & Deployment
"Goal: Deep Learning Researcher. Current Skills: Data Manipulation, Statistics, Machine Learning, Python. Missing Skills: SQL, Deep Learning, NLP. Generate Roadmap:",Stage 1: SQL -> Stage 2: Deep Learning -> Stage 3: NLP -> Stage 4: Projects & Deployment
"Goal: Machine Learning Engineer. Current Skills: Deep Learning, NLP, Statistics, Data Manipulation. Missing Skills: Python, SQL, Machine Learning. Generate Roadmap:",Stage 1: Python -> Stage 2: SQL -> Stage 3: Machine Learning -> Stage 4: Projects & Deployment
"Goal: Deep Learning Researcher. Current Skills: NLP, Statistics, Deep Learning, Data Manipulation. Missing Skills: Python, SQL, Machine Learning. Generate Roadmap:",Stage 1: Python -> Stage 2: SQL -> Stage 3: Machine Learning -> Stage 4: Projects & Deployment
"Goal: Deep Learning Researcher. Current Skills: Machine Learning, Data Manipulation, SQL, Statistics. Missing Skills: Python, Deep Learning, NLP. Generate Roadmap:",Stage 1: Python -> Stage 2: Deep Learning -> Stage 3: NLP -> Stage 4: Projects & Deployment
"Goal: Machine Learning Engineer. Current Skills: Deep Learning, SQL. Missing Skills: Python, Statistics, Data Manipulation, Machine Learning, NLP. Generate Roadmap:",Stage 1: Python -> Stage 2: Statistics -> Stage 3: Data Manipulation -> Stage 4: Machine Learning -> Stage 5: NLP -> Stage 6: Projects & Deployment
"Goal: Deep Learning Researcher. Current Skills: Data Manipulation, NLP, Deep Learning, Machine Learning. Missing Skills: Python, SQL, Statistics. Generate Roadmap:",Stage 1: Python -> Stage 2: SQL -> Stage 3: Statistics -> Stage 4: Projects & Deployment
"Goal: NLP Engineer. Current Skills: Python, Data Manipulation. Missing Skills: SQL, Statistics, Machine Learning, Deep Learning, NLP. Generate Roadmap:",Stage 1: SQL -> Stage 2: Statistics -> Stage 3: Machine Learning -> Stage 4: Deep Learning -> Stage 5: NLP -> Stage 6: Projects & Deployment
"Goal: Machine Learning Engineer. Current Skills: NLP. Missing Skills: Python, SQL, Statistics, Data Manipulation, Machine Learning, Deep Learning. Generate Roadmap:",Stage 1: Python -> Stage 2: SQL -> Stage 3: Statistics -> Stage 4: Data Manipulation -> Stage 5: Machine Learning -> Stage 6: Deep Learning -> Stage 7: Projects & Deployment
"Goal: NLP Engineer. Current Skills: Data Manipulation, Machine Learning, Deep Learning. Missing Skills: Python, SQL, Statistics, NLP. Generate Roadmap:",Stage 1: Python -> Stage 2: SQL -> Stage 3: Statistics -> Stage 4: NLP -> Stage 5: Projects & Deployment
"Goal: Machine Learning Engineer. Current Skills: Machine Learning, NLP, Data Manipulation, SQL. Missing Skills: Python, Statistics, Deep Learning. Generate Roadmap:",Stage 1: Python -> Stage 2: Statistics -> Stage 3: Deep Learning -> Stage 4: Projects & Deployment
"Goal: NLP Engineer. Current Skills: Statistics. Missing Skills: Python, SQL, Data Manipulation, Machine Learning, Deep Learning, NLP. Generate Roadmap:",Stage 1: Python -> Stage 2: SQL -> Stage 3: Data Manipulation -> Stage 4: Machine Learning -> Stage 5: Deep Learning -> Stage 6: NLP -> Stage 7: Projects & Deployment
"Goal: Data Scientist. Current Skills: Data Manipulation, Deep Learning, SQL, Python. Missing Skills: Statistics, Machine Learning, NLP. Generate Roadmap:",Stage 1: Statistics -> Stage 2: Machine Learning -> Stage 3: NLP -> Stage 4: Projects & Deployment
"Goal: Machine Learning Engineer. Current Skills: Machine Learning, NLP, Data Manipulation, Statistics. Missing Skills: Python, SQL, Deep Learning. Generate Roadmap:",Stage 1: Python -> Stage 2: SQL -> Stage 3: Deep Learning -> Stage 4: Projects & Deployment
"Goal: Machine Learning Engineer. Current Skills: Machine Learning, SQL, Statistics. Missing Skills: Python, Data Manipulation, Deep Learning, NLP. Generate Roadmap:",Stage 1: Python -> Stage 2: Data Manipulation -> Stage 3: Deep Learning -> Stage 4: NLP -> Stage 5: Projects & Deployment
"Goal: Deep Learning Researcher. Current Skills: Data Manipulation, SQL. Missing Skills: Python, Statistics, Machine Learning, Deep Learning, NLP. Generate Roadmap:",Stage 1: Python -> Stage 2: Statistics -> Stage 3: Machine Learning -> Stage 4: Deep Learning -> Stage 5: NLP -> Stage 6: Projects & Deployment
